original_id,sessionize_session_id,title
c5c138ac-4906-4f74-b912-82f5dca3daba,1223375,"“Meta Guardianz: Token-Gated NFT Comics, Music, and Immersive VR Experiences.”"
87a33ecc-f676-4fdb-b34d-9e8775160de1,1206782,“The Room Matters More Than the Roadmap”
25ae9c26-2d53-435d-bef7-2017b404b777,1205330,1099-DAs and AI Bots – How to Protect Your NFT Gains in 2026 and Beyond
80e257f3-a002-4414-9df7-4d2e1562e50b,1227650,303 Route Street Art Tokenization
6cefe5a3-d198-440f-bd10-02f9c31d4b7c,1227972,303 Route Street Art Tokenization
cd3979f0-67bd-4c1f-9927-99b6c7b6fb78,1223221,AI as curator and investor in art space ; AI art authentification
17fb0f70-b7db-43cd-b1bb-998c6354a576,1222337,AI Broke Content Economics. The New Value Stack Is Audience-Driven
d46ad944-bb2d-445d-a86c-fd5370a2dde4,1223377,All in: Music NFTs in the age of AI
cf9394ab-1ecc-4bdd-8178-0d662d0e46d7,1208131,Art will save NFTs & NFTs will help Artists!
43c8f621-9401-42b8-a316-1c9330101e71,1207996,"Autonomous AI Agents: The Future of Smarter, Faster Trading"
459a710a-c168-4b79-b6dc-7769c33cc10a,1222474,Beyond the Mint
4d8755ce-f710-43fd-81ca-aba8c91c20b7,1220251,Beyond the Mint
029b5ddf-b7ea-4fa2-85d0-2058c00008f9,1219336,BEYOND THE MINT
6651052d-8ca0-42e9-945b-969749d16fc2,1217347,Beyond Transactions: How Value Flows in NFTs
1f800520-d95f-4b27-af6e-6c0a28e617f7,1223060,Blockchain basics
7259fdfc-7579-423a-a982-b0e61c54c3bc,1223414,Clean Water in Gaza: The Alef Drop uses NFTs as Post-Westphalian Finance.
e614bdf7-f30e-4274-9b5e-e0dd82ea7371,1209029,Creator-Owned Music & Video Assets: AI + NFTs in Action
3e5545e1-9cff-4648-a75d-cdbf985393df,1205762,Designing the Ownership Economy
88af21b4-75c6-4285-b34e-6c7ec0bc93ff,1221256,Evolving Regulatory Paradigms on Structuring Tokenized Collectibles
a27f3cc7-47e2-4c9a-b787-d9245c44fba3,1223404,Evolving Regulatory Paradigms on Structuring Tokenized Collectibles
5fe0dd99-b9d4-4065-be91-dfb7d3f31d3a,1221584,Evolving Regulatory Paradigms on Structuring Tokenized Collectibles
2a837aff-1b69-4895-9da9-777788a84236,1222460,Fireside chat with Pindar Van Arman
f838dc78-71d7-4538-a6de-a4efca4e2c33,1218968,Fireside Chat with Transient Labs CEO Marco Peyfuss
b99f2d7a-a75f-44e5-a563-d8428447cd67,1206767,From Campaign to Cause: How Brands Turn NFT Engagement Into Measurable Impact
bcb230a7-bd42-4d09-8786-6da409099e92,1206872,From Campaigns to Culture: How Brands Actually Break Through Today
62612f96-a272-4c74-a8f5-9880ec29bae9,1223234,"From Content Creator to World Builder: AI, NFTs, and Creative Ownership"
9892b81e-b1a0-4340-90ce-940a9897bb74,1207010,"From JPEGs to Verifiable NFTs: Secure Reveal, Dynamic Logic & Max Guarantees."
5158c65d-f928-439b-a8c8-4945b1b54b6b,1201357,From Memes to Systems: How NFT Communities Are Becoming Real Infrastructure
60444f94-72e4-4e4a-a082-b0d9c93596cc,1223009,From Memes to Systems: How NFT Communities Are Becoming Real Infrastructure
d74f4e84-faf9-4cfa-b6ff-29f71151338f,1222724,From NFTs to Net Leases: How Tokenization Is Unlocking Institutional Real Assets for Public Investor
5e89dcb5-3857-432c-980c-49365943556e,1222378,From NFTs to Net Leases: How Tokenization Is Unlocking Institutional Real Assets for Public Investor
53978a25-732a-46d0-b659-1995f15695b0,1222395,From NFTs to Net Leases: How Tokenization Is Unlocking Institutional Real Assets for Public Investor
d309a0c4-560d-4854-8817-3e88859a2fb9,1204251,"From Social Stock Market to Social DeFi: How Empire.Kred is Bringing 180,000 Creators Onchain"
06d34d51-d484-4808-89e7-56ca0f3b9852,1206941,Future of NFTs
3f4a3ff5-2263-491b-a7f8-bfc90672196a,1223309,Grind Mode: The Blueprint for 1% NFT Brand Growth
8773f6cc-46b6-46b9-85a3-8d0893fd63a6,1209264,Homeboiflicks
a6374aa3-358f-441c-8e0e-5864f12a29d1,1221441,How Artists Are Actually Making Money in the Web3
0f3b4fb5-2360-4d35-b8a0-70ae8f104226,1204291,"How Social NFTs Are Becoming the New Social Media: Ownership, Identity & Creator Economies"
563bc84e-fd39-4aba-b60d-80ea050b4271,1216943,How to cultivate and maintain a community surrounding an NFT Projects
91298cd2-eda5-4f57-b5c2-7122dc4f9f3f,1201721,Inscriptions
7b615c10-c51f-4b88-8fdc-1c2941527cb8,1219592,iRWA - Intangible Real World Assets
43607567-bce9-49ba-b3b4-bec2c6d4b3ad,1215564,Is This an NFT Community or Just a Discord With a Token?
3f333cee-5f27-4147-8f45-bb8b64025d50,1209843,Jodee Rich and William Entriken Fireside Chat
8078bf10-5304-4c04-9998-04030b6d5bbc,1204529,KingAnt and the Doginal Dogs
237b8056-ef0a-43ea-adb5-084badf12184,1222452,Live with Bryan Brinkman
dfe1c586-9f3d-4cce-ac4f-e4ddb12611d2,1226366,Lou Kerner and Jodee Rich Fireside Chat
1b777e85-7c2f-49fa-848e-dda205e59886,1209329,Music How Artists Are Actually Making Money with Music NFTs
2e9c9276-773f-4b50-a682-df888ca44373,1214147,Music NFTs in 2026
49201352-83df-4596-b2a4-0a09fe8378ef,1209030,MusicNFTS Their Impact and Future Integrations
ff24ea70-0068-4e4a-ad44-f4a5726c8bdd,1205630,NFT Communities: Reintegration
d3950457-7edd-48b1-a158-805e669cf199,1206933,NFT in Sports
f6ce24ec-6461-478a-935a-5d861c1197e5,1213171,"Nft Marketplaces Built to Last , Future proofing for creators"
136b08e2-190e-4478-933d-7943db3c5c66,1205627,NFT Reward and Recognition
8b639dde-1026-4159-a025-f3631d76b7b3,1205177,NFT UNIVERSITY PRESS
9bf6fd5a-1b64-48f0-89a1-6f30461c19e3,1223384,NFTNYC26 DARIUS JOHNSON
618f7277-296e-435c-a11d-f01105b0c99d,1219908,NFTs Are Not Products — Designing a Relationship Layer for Music
68545d08-8977-4702-9f7d-fc0b73ff9130,1221647,NFTs: From Digital Art to the Moon - What Comes Next?
bfd048e7-a96d-420e-a96b-6fc971bfca08,1220836,Patenting the Unpatentable: Building IP for AI NFT Startups
3a4d1c3f-be06-49e5-aa7b-3d0fcacf10bd,1223315,"Pioneering the Future Through Agentic AI, Blockchain and Web3 Integration"
1cc628d5-fa3e-4abb-8f4e-097c197319d1,1222334,"Pretty, Paid, and On-chain: The New Era of Digital Feminine Wealth"
dc0fba87-1263-46b0-9bec-afb05744a77d,1219795,"Programmable Compliance for RWAs & NFTs: Custody, AML and Regulatory Filings"
ffbcc8a9-8a9f-4656-87cf-31d6e720d9eb,1220913,Programmable Liquidity: Where GenAI Meets Real-World Tokenization
342f0324-bb1c-4b21-9c6e-c175b0310bee,1223084,Proof of Life
84ff148e-02f4-4454-a519-e31ae09482d6,1223197,Proof Of Life Onchain and off chain NFT community
717c94e3-0bb2-4953-be62-8ad608f9890a,1221765,"Proof of Presence: How 10,000 Bob Ross Variants Become a Living Ledger for Public Media"
6d96189f-fe95-4ee2-a63b-db836e3c0c97,1221189,Proof of Time: The NFT That Can Only Be Minted by Being There
fcaa4c54-4c8a-4acf-aa71-ae263bae170c,1201358,Proof Over Trust: Why NFTs Become Critical in a Post-Trust World
015570f6-329d-4b02-8f76-ce1e23cedd82,1212712,Reviving Dead Communities With Character-Driven AI: The Warburton Experiment
9e6ea4f8-49f5-402a-a4e8-ef1fcab777ec,1219821,"RWA Tokenization Playbook: How to Build, Raise, and Scale Without Running Into the SEC"
ea8b5225-75d9-4a30-ba90-d4a32cebdc55,1223218,RWAs in NFT art space
5a78c267-49eb-423f-9166-535c1567a133,1204596,Securing Identities with NFT 3.0 Domains
08929606-0d0d-4f6d-bdf9-8d8d5cf2264d,1221667,"SinfulMeatStick: Speaker, open to speak on any panel"
a5773501-20a6-4f22-8a70-cc8e143c22c3,1205766,Sketchbook to Smart Contract: A Teen Artist’s NFT Journey
2036379c-be09-4829-821c-5ff893763290,1218591,Smart Heritage: How Italy is Using Experiential NFTs and AI to Solve Overtourism
4b2aea19-7c73-4520-93f4-4bf06fed1206,1192455,TEST - NFT Brand Loyalty Programs: What's Working in 2026
249482a3-e5be-4c39-97f4-ef274a66c1e6,1192318,TEST - NFT Identity in the Age of AI Agents
ed6c5224-117f-4f23-886b-eacc1a077631,1192319,TEST - The Future of NFT Gaming: From Virtual Worlds to Player-Owned Economies
456a7ad7-dba9-426f-a0d1-5e36200216ad,1205754,The Agent Transacted. Now What? Tax Identity and Accountability in Autonomous On-Chain Markets
9c76d1dc-6f35-40b9-ad19-019536f70fa9,1207383,The Art World’s Napster Moment
280134e5-e0cd-43ea-877a-f81b4695640a,1205749,The Compliance Era: How Tax Reporting Infrastructure Is Reshaping the Tokenized Economy
0483fcff-c3d7-4b74-85a6-e6bad19a89cf,1221174,The Future of Digital Collectibles 
7fc990bb-be3b-4206-a1d0-1eb348b8f9a5,1203555,The Future of Tokenized Real Estate: From Fractionalized Ownership to On-Chain Mortgages
c37f8eab-948c-498b-990a-2de82ba2f247,1208318,The Institutional Push Forward
975684f4-a3ca-48dd-bb61-0c85f9229c2d,1223393,The Lamb's Legacy : Creating a NFT Sci- Fi Christian Comic Universe
efe2a32e-4302-4b58-a261-4f7e804bd7ab,1222806,The next city isn’t built: it’s unlocked.
e4de7569-3016-4d56-8f68-c0937533f7dc,1222918,The Tokenization of the Body in the Age of Platform Censorship
a55d9194-a5dc-4526-96f9-96684af38aa1,1223409,The Value of NFTs isn't Price Speculation - It's Community
91660cac-ea8d-413a-9f98-44b440e8f882,1223360,The Value of NFTs Isn’t Price Speculation - It’s Community.
9782a2c0-bb7e-4949-bda4-a6e9be68e791,1223353,The Value of NFTs Isn’t Price Speculation - It’s Community.
b8d54e77-a544-496b-a334-1800dfc1737a,1230044,Tokenized IP as DeFi Infrastructure: How NFTs Are Reshaping Yield and Capital Allocation
46750779-891f-4a2e-a30c-a323f9275580,1206363,Tokenizing AI Models: How NFTs Turn Decentralized Intelligence into a New Asset Class
d468dcfd-cb36-4ff3-96dd-2b3261dd39ad,1201369,"Tokenizing Creativity: Turning Art, Stories, and Communities into On-Chain Legacies"
bfaee437-6556-4eb1-a2f5-2b9a33c1f7fc,1218018,Tokenizing Trust: Why Law Firms Integrating AI Need Blockchain Now
d89b04dc-7f7e-47f4-86d5-76bb9fc8eccc,1218943,Tokenizing Trust: Why Law Firms Integrating AI Need Blockchain Now
f69d419b-ee25-425d-9365-a1f75373ed9d,1223145,Trust but Verify
5d678b26-984c-4174-9344-9b69ea626531,1204942,VIP session
9c188a3a-d103-447a-b037-4266d4d0fe83,1215163,Water & Fire: Finding Identity and Purpose in the Next Era of NFTs
a34837c8-2328-41c0-bc11-86a3b08832e6,1217204,What does NFT give to a traditionalynthesis of the skill of an academic artist and NFT technologies
cbc1f57a-0b00-43a2-bd9a-bc3f283c49fe,1230130,"When AI Agents Own NFTs: Identity, Capital, and the Agentic Economy"
f5d107bd-3adf-41c8-a5f1-63e3ec346dcc,1206390,When Human Connection and Community is the Utility.
8b1d18d2-2506-4ed1-8006-f6ef08eb9218,1203367,When Mattel Walked Away: How a Community Rebuilt Utility for 2 Million Hot Wheels NFTs
8ed70027-0f32-40f8-a70e-9d358ece8f8a,1216051,When Reality Is Fake: How Deepfakes Are Manipulating Crypto Markets and How to Fix It
d5f642b2-d91f-4120-9c40-439c7ca78d92,1207168,Who Made This? Tokenizing Authorship in the Age of AI-Generated Art
c3a19c5d-3c03-451e-a539-8cd9f1a3fe5e,1221123,Why Law Firms Integrating AI Need Blockchain Now
e1ac81ca-b214-4a37-acbd-54476b199c0f,1207953,Worldbuilding Onchain: NFTs and the Future of Character IP
781948cd-0a05-4a29-99e4-cd9a295cddb3,1219762,You Don’t Own Your NFT—Now What?
